Category,ISBN
"Translations,Novels",9789551319182
Novels,9789558415252
Novels,9786245594252
Novels,9789550980239
"Biographie,Novels",9551468031
"Novels,Adventure,Child",9789550201396
Novels,95521033X
Novels,9558415545
Novels,9789550980000
"Novels,Child",9789559535690
Novels,9559547439
"Novels,Child",9789555734844
"Novels,Fiction",9789550201587
Novels,6249468706
"Novels,Fiction",9789558415436
"Translations,Novels",9789551311445
Novels,9789551116538
Child,9789552104763
Novels,9555517630
Novels,9789556971996
Novels,9554690002
"Novels,Child",978955
Novels,9786245572519
Novels,978955
Novels,9789550201389
Novels,9789554690073
Novels,9553132588
"Novels,Child",9789553993137
"Novels,Historical",97800075450-16
"Novels,Crime,Adventure",9789553727640
"Novels,Adventure",9789554323711
Novels,9786245572809
"Biographies,Novels",9789551188719
"Translations,Novels,Adventure,Child",9789559175100
Short stories,9789550201464
"Translations,Novels",9789552900945
"Novels, Adventure,Child",9789559520078
"Novels, Adventure,Child",9789554682009
"Novels,Fiction",9789550201402
"Translations,Novels,Adventure",9786245930050
"Translations,Sci-Fi,Novels",9786245930043
"Spy,Translations,Novels",9786246586188
"Spy,Translations,Novels",9786246586119
"Spy,Novels",9786245572830
"Spy,Novels",9786246451943
"Spy,Novels",9786245829040
"Spy,Translations,Novels",9786245941803
"Spy,Translations,Novels",9786245941858
"Spy,Translations,Novels",9786245941810
"Spy,Translations,Novels",9786245941827
"Spy,Translations,Novels",9786245941612
"Spy,Translations,Novels",9789552130595
"Spy,Novels",9789555739368
"Translations,Spy,Novels",9789556716924
"Spy,Novels",9789556557046
"Translations,Novels,Adventure",9789551596187
"Translations,Spy,Novels",9559682873
"Translations,Spy,Novels",9559777602
"Translations,Spy,Novels",9789559682849
"Translations,Spy,Novels",9789559593099
"Novels,Adventure,Child",9789553727534
"Spy,Novels",9786245152155
"Translations,Novels,Adventure,Child",9559346296
"Spy,Novels",9789557667249
"Spy,Novels",9789557667355
"Mystrey,Novels",9789552903403
"Mystrey,Translations,Novels",9789556556773
"Mystrey,Novels",9789556550467
"Mystrey,Novels",9789556553604
"Spy,Novels,Mystrey",9789553300157
"Translations,Spy,Novels",9789553105707
Novels,9786242041957
Novels,9786246103224
Novels,9786246593056
Novels,9786246103187
Novels,9789552910562
"Translations,Novels",9786242041896
Novels,9786245999378
Novels,9786246523053
Novels,9786245999514
Novels,9786245572847
Novels,9786245999491
Novels,9786245999514
Novels,9786246586331
Novels,9786245694006
Novels,9786249351905
Novels,9786246586195
Novels,9786245711154
Novels,9789552132605
Novels,9786249483149
Novels,9786245865451
Novels,9786249624924
Novels,9786245673247
Novels,9786245664955
Novels,9786249399303
Novels,9786245572885
Novels,9786245577200
Novels,9786249993617
Novels,9786249374508
Novels,9786245710942
Novels,9786245999491
Short stories,9786246296957
Short stories,9786249332515
Short stories,9786246446291
Short stories,9786246451707
Short stories,9789553128942
Short stories,9786242041995
Short stories,9789553130235
Short stories,9789550589159
Short stories,9786246451363
Short stories,9789557818863
Short stories,9786245673216
Short stories,9789553128119
Short stories,9786242041469
Short stories,9786245556199
Short stories,9786245558827
Short stories,9789556911565
Short stories,9786245572250
Short stories,9789556911565
Short stories,9789556911688
Short stories,97862449757721
Short stories,9789556712797
Short stories,9789556528831
Short stories,9786249877603
Short stories,9789559758709
Short stories,9789553493781
Short stories,9786245638949
Short stories,9786249486904
Short stories,9786240020121
Short stories,9786246167004
Short stories,9789552130458
Short stories,9789552130489
"Child,Educational",9789555272223
"Translations,Child",9789245664931
"Translations,Child",9786245713950
"Translations,Child",9789556553024
"Translations,Child",9789556553031
"Translations,Child",9789556553048
"Translations,Child",9789556553055
"Translations,Child",9789556553062
"Translations,Child",9789556553079
"Translations,Child",9786245533251
"Translations,Child",9789552132575
"Translations,Child",9789553130402
"Translations,Child",9786246451660
"Translations,Child",9786246451677
"Translations,Child",9789556810271
"Translations,Child",9786245702831
Child,9786245713752
"Translations,Child",9786245713745
Child,9786245638994
Child,9786245977024
Child,9786245977000
Child,9786245713684
Child,9789550201631
Child,9789550201648
Child,9789550201662
"Child,Spy",9786245519606
Child,9789557081304
"Child,Educational",9789552125225
"Translations,Novels,Child",9786245969067
"Translations,Novels",9786245663873
"Translations,Novels",9786245663880
"Translations,Novels",9786246039097
"Translations,Novels",9786246039080
"Translations,Novels",9789552132766
"Translations,Novels",9789552132780
"Spy,Translations,Novels",9789553131676
"Translations,Novels",9786242042008
"Translations,Novels",9786242041971
"Translations,Novels",9786245664948
"Spy,Translations,Novels",9786242041896
"Spy,Translations,Novels",9786246585174
"Spy,Translations,Novels",9786246585150
"Translations,Short-Stories",9789556972726
"Translations,Short-Stories",9789550171156
"Translations,Short-Stories",9789558884966
"Translations,Short-Stories",9789556970753
"Translations,Novels",9789556970128
"Translations,Novels",9786246586133
"Translations,Novels",9789557450001
"Translations,Novels",9786242041810
"Spy,Child,Translations",9786245941957
"Spy,Translations,Novels",9789553131201
"Spy,Translations,Novels",9786246451752
